{
  "python": {
    "sizes": [
      1000,
      10000,
      100000,
      500000,
      1000000
    ],
    "times": [
      9.5180026255548e-05,
      0.0007214299635961652,
      0.0067567099584266545,
      0.036522059980779883,
      0.07467806001659483
    ],
    "items_per_sec": [
      10506406.011226652,
      13861359.389832191,
      14800102.50777224,
      13690355.91812538,
      13390813.845161239
    ]
  },
  "rust": {
    "sizes": [
      1000,
      10000,
      100000,
      500000,
      1000000
    ],
    "times": [
      2.1059997379779816e-05,
      0.00021247002296149732,
      0.0017388500040397049,
      0.011709170043468475,
      0.02346294994931668
    ],
    "items_per_sec": [
      47483386.724450536,
      47065462.979745366,
      57509273.23672514,
      42701574.76096322,
      42620386.70159305
    ]
  },
  "go": {
    "sizes": [
      1000,
      10000,
      100000,
      500000,
      1000000
    ],
    "times": [
      0.0037907333268473544,
      0.003674566668147842,
      0.016019266642009217,
      0.08225306659005582,
      0.1571691333471487
    ],
    "items_per_sec": [
      263801.19986748626,
      2721409.326079932,
      6242483.019650736,
      6078800.715017337,
      6362572.463838948
    ]
  }
}