{
  "python": {
    "sizes": [
      1000,
      10000,
      100000,
      500000,
      1000000
    ],
    "times": [
      0.00010633000638335944,
      0.0006865199888125062,
      0.006846910016611219,
      0.03659549001604319,
      0.07519099004566669
    ],
    "items_per_sec": [
      9404682.967803331,
      14566218.264521757,
      14605128.409368753,
      13662885.775837507,
      13299465.792279866
    ]
  },
  "rust": {
    "sizes": [
      1000,
      10000,
      100000,
      500000,
      1000000
    ],
    "times": [
      1.9600032828748226e-05,
      0.00020953002385795116,
      0.0016904399963095784,
      0.011776500009000301,
      0.0233975300565362
    ],
    "items_per_sec": [
      51020322.70748323,
      47725857.210704096,
      59156196.14911579,
      42457436.38754047,
      42739554.029150434
    ]
  },
  "go": {
    "sizes": [
      1000,
      10000,
      100000,
      500000,
      1000000
    ],
    "times": [
      0.003703333359832565,
      0.0036368667303274074,
      0.015223233339687189,
      0.07466010004281998,
      0.1514780332800001
    ],
    "items_per_sec": [
      270027.00076808967,
      2749619.5878202426,
      6568906.734110063,
      6697017.546363236,
      6601617.266521717
    ]
  }
}